{
     "games" : [{
            "gameName": "Rocket League | Review by Sean Cronk | May 01, 2018",
            "imageFile": "rocketLeague.jpg"
        }, {
            "gameName": "Minecraft | Review by Sean Cronk | May 02, 2018",
            "imageFile": "minecraft.jpg"
        }, {
            "gameName": "Rainbow Six Seige | Review by Sean Cronk | May 02, 2018",
            "imageFile": "rainbowSizSeige.jpg"
   
        }, {
            "gameName": "Player Unknown's Battlegrounds | Review by Sean Cronk | May 02, 2018",
            "imageFile": "pubg.jpg"
   
        }, {
            "gameName": "Terraria | Review by Sean Cronk | May 02, 2018",
            "imageFile": "terraria.jpg"
   
        }]
}